{
    "developperTest": [
        2.0875244140625
    ],
    "qaButtonTest": [
        0.5206196308135986
    ],
    "managementTest": [
        0.4534485340118408
    ],
    "contactTest": [
        1.586409568786621
    ],
    "productTest": [
        0.9498450756072998
    ]
}